Họ và tên,Email (Duy nhất),Mật khẩu (Bỏ trống = 12345678),Vai trò (Chọn từ danh sách)
Cao Bảo Phúc,cao.phuc@eai.edu.vn,,Sinh viên
Chu Lan,chu.lan@eai.edu.vn,,Sinh viên
Dương Thị Bình,duong.binh@eai.edu.vn,,Sinh viên
Tô Khánh Đạt Sơn,to.son@eai.edu.vn,,Sinh viên
Phạm Khánh,pham.khanh@eai.edu.vn,,Sinh viên
Đào Hoài Mai,dao.mai@eai.edu.vn,,Sinh viên
Tô Thị Vy,to.vy@eai.edu.vn,,Sinh viên
Thái Ngân,thai.ngan@eai.edu.vn,,Sinh viên
Võ Trung,vo.trung@eai.edu.vn,,Sinh viên
Hồ Minh Nhung,ho.nhung@eai.edu.vn,,Sinh viên
Mai Đức Nhung,mai.nhung@eai.edu.vn,,Sinh viên
Châu Khánh Nhung,chau.nhung@eai.edu.vn,,Sinh viên
Quách Thảo Thiện,quach.thien@eai.edu.vn,,Sinh viên
Chu Gia Đạt Trí,chu.tri@eai.edu.vn,,Sinh viên
Đinh Hữu Sơn,dinh.son@eai.edu.vn,,Sinh viên
Bùi Hà Duyên Ngân,bui.ngan@eai.edu.vn,,Sinh viên
Chu Hoài Trang,chu.trang@eai.edu.vn,,Sinh viên
Đỗ Kim Thịnh Quân,do.quan@eai.edu.vn,,Sinh viên
Huỳnh Đức Thảo Quân,huynh.quan@eai.edu.vn,,Sinh viên
Châu Khánh Minh,chau.minh@eai.edu.vn,,Sinh viên
Ngô Hữu Thịnh,ngo.thinh@eai.edu.vn,,Sinh viên
Bùi Văn Trí,bui.tri@eai.edu.vn,,Sinh viên
Trịnh Khánh Ngọc,trinh.ngoc@eai.edu.vn,,Sinh viên
Lê Kim An,le.an@eai.edu.vn,,Sinh viên
Dương Minh Khang,duong.khang@eai.edu.vn,,Sinh viên
Thái Minh Hà,thai.ha@eai.edu.vn,,Sinh viên
Hồ Hữu Thảo Nhung,ho.nhung2@eai.edu.vn,,Sinh viên
Phan Khánh Hiền,phan.hien@eai.edu.vn,,Sinh viên
Hồ Văn Chinh Kiên,ho.kien@eai.edu.vn,,Sinh viên
Đặng Minh Phúc Trinh,dang.trinh@eai.edu.vn,,Sinh viên
Đỗ Minh Quỳnh,do.quynh@eai.edu.vn,,Sinh viên
Tô Anh Dũng,to.dung@eai.edu.vn,,Sinh viên
Đặng Thị Nhung,dang.nhung@eai.edu.vn,,Sinh viên
Lý Anh Bình,ly.binh@eai.edu.vn,,Sinh viên
Võ Đức Phúc,vo.phuc@eai.edu.vn,,Sinh viên
Nguyễn Anh Bình,nguyen.binh@eai.edu.vn,,Sinh viên
Lý Gia Khoa,ly.khoa@eai.edu.vn,,Sinh viên
Lý Nhật Nhi,ly.nhi@eai.edu.vn,,Sinh viên
Trịnh Mai,trinh.mai@eai.edu.vn,,Sinh viên
Phan Khánh Thịnh,phan.thinh@eai.edu.vn,,Sinh viên
Hồ Nghĩa,ho.nghia@eai.edu.vn,,Sinh viên
Ngô Thị Yến Thịnh,ngo.thinh2@eai.edu.vn,,Sinh viên
Võ Tuấn Cường,vo.cuong@eai.edu.vn,,Sinh viên
Châu Quang Linh Thu,chau.thu@eai.edu.vn,,Sinh viên
Châu Bảo Thành,chau.thanh@eai.edu.vn,,Sinh viên
Hà Kim Hiếu,ha.hieu@eai.edu.vn,,Sinh viên
Vũ Văn Ngân,vu.ngan@eai.edu.vn,,Sinh viên
Mai Khánh Đức Khoa,mai.khoa@eai.edu.vn,,Sinh viên
Bùi Hà My Trang,bui.trang@eai.edu.vn,,Sinh viên
Quách Cường,quach.cuong@eai.edu.vn,,Sinh viên
Vũ Sơn,vu.son@eai.edu.vn,,Sinh viên
Đào Thiên Chinh,dao.chinh@eai.edu.vn,,Sinh viên
Nguyễn Anh Ân,nguyen.an@eai.edu.vn,,Sinh viên
Châu Hoài Nam,chau.nam@eai.edu.vn,,Sinh viên
Phan Bảo Loan,phan.loan@eai.edu.vn,,Sinh viên
Cao Khánh Hoa,cao.hoa@eai.edu.vn,,Sinh viên
Vũ Bảo Thảo,vu.thao@eai.edu.vn,,Sinh viên
Cao Anh Khang,cao.khang@eai.edu.vn,,Sinh viên
Vũ Nhật Thiện,vu.thien@eai.edu.vn,,Sinh viên
Đỗ Phương Long,do.long@eai.edu.vn,,Sinh viên
Tô Nhung,to.nhung@eai.edu.vn,,Sinh viên
Đỗ Long,do.long2@eai.edu.vn,,Sinh viên
Lý Đức Bình,ly.binh2@eai.edu.vn,,Sinh viên
Lê Văn Hà,le.ha@eai.edu.vn,,Sinh viên
Cao Quang,cao.quang@eai.edu.vn,,Sinh viên
Tạ Tuấn Hà,ta.ha@eai.edu.vn,,Sinh viên
Mai Ân,mai.an@eai.edu.vn,,Sinh viên
Bùi Văn Quang,bui.quang@eai.edu.vn,,Sinh viên
Đỗ Thị Nhân,do.nhan@eai.edu.vn,,Sinh viên
Trần Hữu Chinh,tran.chinh@eai.edu.vn,,Sinh viên
Tô Hữu Ngọc,to.ngoc@eai.edu.vn,,Sinh viên
Vương Thanh Linh,vuong.linh@eai.edu.vn,,Sinh viên
Trần Thảo My,tran.my@eai.edu.vn,,Sinh viên
Đào Phương Bình,dao.binh@eai.edu.vn,,Sinh viên
Đinh Hữu Trinh,dinh.trinh@eai.edu.vn,,Sinh viên
Hồ Ngọc Vy Minh,ho.minh@eai.edu.vn,,Sinh viên
Đỗ Hữu Quân,do.quan2@eai.edu.vn,,Sinh viên
Đinh Gia Nghĩa Thơ,dinh.tho@eai.edu.vn,,Sinh viên
Đỗ Hoài Hiền,do.hien@eai.edu.vn,,Sinh viên
Đinh Hoài Thắng,dinh.thang@eai.edu.vn,,Sinh viên
Quách Hà Sơn,quach.son@eai.edu.vn,,Sinh viên
Chu Anh Nghĩa,chu.nghia@eai.edu.vn,,Sinh viên
Bùi Nghĩa,bui.nghia@eai.edu.vn,,Sinh viên
Dương Thảo Uyên,duong.uyen@eai.edu.vn,,Sinh viên
Đặng Khánh Hiếu,dang.hieu@eai.edu.vn,,Sinh viên
Phạm Nhật Nhung,pham.nhung@eai.edu.vn,,Sinh viên
Nguyễn Đức Thành Thiện,nguyen.thien@eai.edu.vn,,Sinh viên
Thái Văn Cường,thai.cuong@eai.edu.vn,,Sinh viên
Hoàng Phương Tường,hoang.tuong@eai.edu.vn,,Sinh viên
Thái Bảo Thu,thai.thu@eai.edu.vn,,Sinh viên
Phạm Hữu Thành,pham.thanh@eai.edu.vn,,Sinh viên
Vũ Nhật Đức,vu.duc@eai.edu.vn,,Sinh viên
Mai Khánh Quỳnh,mai.quynh@eai.edu.vn,,Sinh viên
Võ Duyên,vo.duyen@eai.edu.vn,,Sinh viên
Dương Bảo An,duong.an@eai.edu.vn,,Sinh viên
Chu Hoài Phát,chu.phat@eai.edu.vn,,Sinh viên
Tạ Hân,ta.han@eai.edu.vn,,Sinh viên
Trịnh Văn Hoa Chinh,trinh.chinh@eai.edu.vn,,Sinh viên
Đinh Kim Chinh,dinh.chinh@eai.edu.vn,,Sinh viên
Vũ Tuấn,vu.tuan@eai.edu.vn,,Sinh viên
Chu Ngọc Huy,chu.huy@eai.edu.vn,,Giảng viên
Tạ Kim Thơ,ta.tho@eai.edu.vn,,Giảng viên
Châu Kim Hiền,chau.hien@eai.edu.vn,,Giảng viên
Lâm Bảo Vy Trinh,lam.trinh@eai.edu.vn,,Giảng viên
Thái Tuấn Hiếu,thai.hieu@eai.edu.vn,,Giảng viên
Thái Thảo Quỳnh,thai.quynh@eai.edu.vn,,Giảng viên
Phan Thiên Mai,phan.mai@eai.edu.vn,,Giảng viên
Châu Thanh Khánh,chau.khanh@eai.edu.vn,,Giảng viên
Trịnh Quang Hà,trinh.ha@eai.edu.vn,,Giảng viên
Châu Thanh An,chau.an@eai.edu.vn,,Giảng viên
Bùi Kim Giang,bui.giang@eai.edu.vn,,Giảng viên
Hà Đức Tâm Dũng,ha.dung@eai.edu.vn,,Giảng viên
Bùi Thị Nhung,bui.nhung@eai.edu.vn,,Giảng viên
Đỗ Khánh Cường,do.cuong@eai.edu.vn,,Giảng viên
Tô Bảo Ân,to.an@eai.edu.vn,,Giảng viên
Lê Nhật Ngọc,le.ngoc@eai.edu.vn,,Giảng viên
Tạ Ngọc Hà,ta.ha2@eai.edu.vn,,Giảng viên
Chu Nhi,chu.nhi@eai.edu.vn,,Giảng viên
Huỳnh Nhật Vy Chinh,huynh.chinh@eai.edu.vn,,Giảng viên
Mai Nhân,mai.nhan@eai.edu.vn,,Giảng viên
Đinh Nhật Dũng,dinh.dung@eai.edu.vn,,Giảng viên
Hồ Thị Khang,ho.khang@eai.edu.vn,,Giảng viên
Thái Văn Duyên Hiền,thai.hien@eai.edu.vn,,Giảng viên
Vương Khánh Hoa,vuong.hoa@eai.edu.vn,,Giảng viên
Huỳnh Nhật Nhung,huynh.nhung@eai.edu.vn,,Giảng viên
Phan Hoài Duyên,phan.duyen@eai.edu.vn,,Giảng viên
Nguyễn Ngọc Giang,nguyen.giang@eai.edu.vn,,Giảng viên
Hồ Hữu Thúy,ho.thuy@eai.edu.vn,,Giảng viên
Tạ Khánh Huy Hiền,ta.hien@eai.edu.vn,,Giảng viên
Vương Hữu Ân,vuong.an@eai.edu.vn,,Giảng viên
Lê Anh Quang,le.quang@eai.edu.vn,,Giảng viên
Dương Hà Mai,duong.mai@eai.edu.vn,,Giảng viên
Lâm Thảo Toàn,lam.toan@eai.edu.vn,,Giảng viên
Quách Thị Quân Thịnh,quach.thinh@eai.edu.vn,,Giảng viên
Châu Thiên Đạt,chau.dat@eai.edu.vn,,Giảng viên
Bùi Thảo Dũng,bui.dung@eai.edu.vn,,Giảng viên
Lâm Gia Hân,lam.han@eai.edu.vn,,Giảng viên
Vương Tuấn Giang,vuong.giang@eai.edu.vn,,Giảng viên
Lâm Kim Ngọc,lam.ngoc@eai.edu.vn,,Giảng viên
Đinh Thị Phương,dinh.phuong@eai.edu.vn,,Giảng viên
Nguyễn Hữu Sơn,nguyen.son@eai.edu.vn,,Giảng viên
Hà Khánh Chinh,ha.chinh@eai.edu.vn,,Giảng viên
Đặng Thị Trung,dang.trung@eai.edu.vn,,Giảng viên
Lý Anh Giang Huy,ly.huy@eai.edu.vn,,Giảng viên
Nguyễn Tường,nguyen.tuong@eai.edu.vn,,Giảng viên
Bùi Hữu Tú,bui.tu@eai.edu.vn,,Giảng viên
Đặng Văn Hân Hiếu,dang.hieu2@eai.edu.vn,,Giảng viên
Phan Thảo Hiền,phan.hien2@eai.edu.vn,,Giảng viên
Phan Thiên Loan,phan.loan2@eai.edu.vn,,Giảng viên
Chu Phương Ngân,chu.ngan@eai.edu.vn,,Giảng viên
,,,
,,,
,,,
,,,
,,,
,,,
,,,
,,,
,,,
,,,
,,,
,,,
,,,
,,,
,,,
,,,
,,,
,,,
,,,
,,,
,,,
,,,
,,,
,,,
,,,
,,,
,,,
,,,
,,,
,,,
,,,
,,,
,,,
,,,
,,,
,,,
,,,
,,,
,,,
,,,
,,,
,,,
,,,
,,,
,,,
,,,
,,,
,,,
,,,
,,,
,,,
,,,
,,,
,,,
,,,
,,,
,,,
,,,
,,,
,,,
,,,
,,,
,,,
,,,
,,,
,,,
,,,
,,,
,,,
,,,
,,,
,,,
,,,
,,,
,,,
,,,
,,,
,,,
,,,
,,,
,,,
,,,
,,,
,,,
,,,
,,,
,,,
,,,
,,,
,,,
,,,
,,,
,,,
,,,
,,,
,,,
,,,
,,,
,,,
,,,
,,,
,,,
,,,
,,,
,,,
,,,
,,,
,,,
,,,
,,,
,,,
,,,
,,,
,,,
,,,
,,,
,,,
,,,
,,,
,,,
,,,
,,,
,,,
,,,
,,,
,,,
,,,
,,,
,,,
,,,
,,,
,,,
,,,
,,,
,,,
,,,
,,,
,,,
,,,
,,,
,,,
,,,
,,,
,,,
,,,
,,,
,,,
,,,
,,,
,,,
,,,
,,,
,,,
,,,
,,,
,,,
,,,
,,,
,,,
,,,
,,,
,,,
,,,
,,,
,,,
,,,
,,,
,,,
,,,
,,,
,,,
,,,
,,,
,,,
,,,
,,,
,,,
,,,
,,,
,,,
,,,
,,,
,,,
,,,
,,,
,,,
,,,
,,,
,,,
,,,
,,,
,,,
,,,
,,,
,,,
,,,
,,,
,,,
,,,
,,,
,,,
,,,
,,,
,,,
,,,
,,,
,,,
,,,
,,,
,,,
,,,
,,,
,,,
,,,
,,,
,,,
,,,
,,,
,,,
,,,
,,,
,,,
,,,
,,,
,,,
,,,
,,,
,,,
,,,
,,,
,,,
,,,
,,,
,,,
,,,
,,,
,,,
,,,
,,,
,,,
,,,
,,,
,,,
,,,
,,,
,,,
,,,
,,,
,,,
,,,
,,,
,,,
,,,
,,,
,,,
,,,
,,,
,,,
,,,
,,,
,,,
,,,
,,,
,,,
,,,
,,,
,,,
,,,
,,,
,,,
,,,
,,,
,,,
,,,
,,,
,,,
,,,
,,,
,,,
,,,
,,,
,,,
,,,
,,,
,,,
,,,
,,,
,,,
,,,
,,,
,,,
,,,
,,,
,,,
,,,
,,,
,,,
,,,
,,,
,,,
,,,
,,,
,,,
,,,
,,,
,,,
,,,
,,,
,,,
,,,
,,,
,,,
,,,
,,,
,,,
,,,
,,,
,,,
,,,
,,,
,,,
,,,
,,,
,,,
,,,
,,,
,,,
,,,
,,,
,,,
,,,
,,,
,,,
,,,
,,,
,,,
,,,
,,,
,,,
,,,
,,,
,,,
,,,
,,,
,,,
,,,
,,,
,,,
,,,
,,,
,,,
,,,
,,,
,,,
,,,
,,,
,,,
,,,
,,,
,,,
,,,
,,,
,,,
,,,
,,,
,,,
,,,
,,,
,,,
,,,
,,,
,,,
,,,
,,,
,,,
,,,
,,,
,,,
,,,
,,,
,,,
,,,
,,,
,,,
,,,
,,,
,,,
,,,
,,,
,,,
,,,
,,,
,,,
,,,
,,,
,,,
,,,
,,,
,,,
,,,
,,,
,,,
,,,
,,,
,,,
,,,
,,,
,,,
,,,
,,,
,,,
,,,
,,,
,,,
,,,
,,,
,,,
,,,
,,,
,,,
,,,
,,,
,,,
,,,
,,,
,,,
,,,
,,,
,,,
,,,
,,,
,,,
,,,
,,,
,,,
,,,
,,,
,,,
,,,
,,,
,,,
,,,
,,,
,,,
,,,
,,,
,,,
,,,
,,,
,,,
,,,
,,,
,,,
,,,
,,,
,,,
,,,
,,,
,,,
,,,
,,,
,,,
,,,
,,,
,,,
,,,
,,,
,,,
,,,
,,,
,,,
,,,
,,,
,,,
,,,
,,,
,,,
,,,
,,,
,,,
,,,
,,,
,,,
,,,
,,,
,,,
,,,
,,,
,,,
,,,
,,,
,,,
,,,
,,,
,,,
,,,
,,,
,,,
,,,
,,,
,,,
,,,
,,,
,,,
,,,
,,,
,,,
,,,
,,,
,,,
,,,
,,,
,,,
,,,
,,,
,,,
,,,
,,,
,,,
,,,
,,,
,,,
,,,
,,,
,,,
,,,
,,,
,,,
,,,
,,,
,,,
,,,
,,,
,,,
,,,
,,,
,,,
,,,
,,,
,,,
,,,
,,,
,,,
,,,
,,,
,,,
,,,
,,,
,,,
,,,
,,,
,,,
,,,
,,,
,,,
,,,
,,,
,,,
,,,
,,,
,,,
,,,
,,,
,,,
,,,
,,,
,,,
,,,
,,,
,,,
,,,
,,,
,,,
,,,
,,,
,,,
,,,
,,,
,,,
,,,
,,,
,,,
,,,
,,,
,,,
,,,
,,,
,,,
,,,
,,,
,,,
,,,
,,,
,,,
,,,
,,,
,,,
,,,
,,,
,,,
,,,
,,,
,,,
,,,
,,,
,,,
,,,
,,,
,,,
,,,
,,,
,,,
,,,
,,,
,,,
,,,
,,,
,,,
,,,
,,,
,,,
,,,
,,,
,,,
,,,
,,,
,,,
,,,
,,,
,,,
,,,
,,,
,,,
,,,
,,,
,,,
,,,
,,,
,,,
,,,
,,,
,,,
,,,
,,,
,,,
,,,
,,,
,,,
,,,
,,,
,,,
,,,
,,,
,,,
,,,
,,,
,,,
,,,
,,,
,,,
,,,
,,,
,,,
,,,
,,,
,,,
,,,
,,,
,,,
,,,
,,,
,,,
,,,
,,,
,,,
,,,
,,,
,,,
,,,
,,,
,,,
,,,
,,,
,,,
,,,
,,,
,,,
,,,
,,,
,,,
,,,
,,,
,,,
,,,
,,,
,,,
,,,
,,,
,,,
,,,
,,,
,,,
,,,
,,,
,,,
,,,
,,,
,,,
,,,
,,,
,,,
,,,
,,,
,,,
,,,
,,,
,,,
,,,
,,,
,,,
,,,
,,,
,,,
,,,
,,,
,,,
,,,
,,,
,,,
,,,
,,,
,,,
,,,
,,,
,,,
,,,
,,,
,,,
,,,
,,,
,,,
,,,
,,,
,,,
,,,
,,,
,,,
,,,
,,,
,,,
,,,
,,,
,,,
,,,
,,,
,,,
,,,
,,,
,,,
,,,
,,,
,,,
,,,
,,,
,,,
,,,
,,,
,,,
,,,
,,,
,,,
,,,
,,,
,,,
,,,
,,,
,,,
,,,
,,,
,,,
,,,
,,,
,,,
,,,
,,,
,,,
,,,
,,,
,,,
,,,
,,,
,,,
,,,
,,,
,,,
,,,
,,,
,,,
,,,
,,,
,,,
,,,
,,,
,,,
,,,
,,,
,,,
,,,
,,,
,,,
,,,
,,,
,,,
,,,
,,,
,,,
,,,
,,,
,,,
,,,
,,,
,,,
,,,
,,,
,,,
,,,
,,,
,,,
,,,
,,,
,,,
,,,
,,,
,,,
,,,
,,,
,,,
,,,
,,,
,,,
,,,
,,,
,,,
,,,
,,,
,,,
,,,
,,,
,,,
